Position,ThorA,Cami,Fritzy,Heidi,Urza,Vito,Charlie
557,a,a,a,a,a,a,g
1046,g,g,g,g,g,g,a
1204,t,t,t,t,t,t,c
1709,n,g,g,g,g,g,a
1748,t,t,t,t,t,t,c
3181,g,g,g,g,g,g,a
4234,c,c,c,c,c,c,t
4503,a,a,a,a,a,a,g
4597,a,a,a,a,a,a,n
5624,g,g,g,g,g,g,a
7058,t,t,t,t,t,t,c
7112,a,a,a,a,a,a,g
7186,c,c,c,c,c,c,a
7862,c,c,c,c,c,c,n
9222,c,c,c,c,c,c,t
9708,c,c,c,c,c,c,t
,-,-,-,-,-,-,a
10776,t,t,t,t,t,t,c
10785,a,a,a,a,a,a,g
10863,a,a,a,a,a,a,g
11322,t,t,t,t,t,t,c
11400,t,t,t,t,t,t,c
11572,a,a,a,a,a,a,c
11839,t,t,t,t,t,t,c
12122,c,c,c,c,c,c,t
12272,t,t,t,t,t,t,c
12330,a,a,a,a,a,a,g
12636,t,t,t,t,t,t,c
13112,g,g,g,g,g,g,a
14608,a,a,a,a,a,a,g
14647,t,t,t,t,t,t,c
14692,g,g,g,g,g,g,a
15185,t,t,t,t,t,t,c
15508,c,c,c,c,c,c,t
15611,t,t,t,t,t,t,c
15650,t,t,t,t,t,t,c
15931,a,a,a,a,a,a,-
15932,g,g,g,g,g,g,a
