Position,ThorA,Cami,Fritzy,Heidi,Urza,Vito,Lily,Charlie
445,a,g,a,a,a,a,a,a
2185,t,c,t,t,t,t,t,t
2812,c,t,c,c,c,c,c,c
3028,a,c,a,a,a,a,a,a
4204,g,a,g,g,g,g,g,g
4277,a,g,a,a,a,a,a,a
4390,t,c,t,t,t,t,t,t
4646,t,c,t,t,t,t,t,t
5906,a,g,a,a,a,a,a,a
6764,c,t,c,c,c,c,c,c
7014,t,c,t,t,t,t,t,t
8101,g,a,g,g,g,g,g,g
8569,a,g,a,a,a,a,a,a
8736,t,c,t,t,t,t,t,t
8817,a,g,a,a,a,a,a,a
9219,a,g,a,a,a,a,a,a
9825,g,a,g,g,g,g,g,g
10257,g,a,g,g,g,g,g,g
10440,t,c,t,t,t,t,t,t
10542,a,g,a,a,a,a,a,a
11176,c,t,c,c,c,c,c,c
11948,a,g,a,a,a,a,a,a
12665,t,c,t,t,t,t,t,t
13594,g,a,g,g,g,g,g,g
14671,g,a,g,g,g,g,g,g
14930,t,c,t,t,t,t,t,t
15595,c,t,c,c,c,c,c,c
15612,t,c,t,t,t,t,t,t
15643,a,g,a,a,a,a,a,a
15652,g,a,g,g,g,g,g,g
15815,t,c,t,t,t,t,t,t
16083,a,g,a,a,a,a,a,a
16128,g,a,g,g,g,g,g,g
