Sample,Chromosome,Position,Matches,Total Reads,Expected Nucleotide,Nucleotides Found,Reference Base,Nucleotides Other MPI Dogs
sample_1,NC_002008.4,2833,0,1764,T,C:1764,C,C
sample_1,NC_002008.4,6302,0,284,G,A:284,A,A
sample_1,NC_002008.4,6683,0,489,C,T:489,T,T
sample_1,NC_002008.4,7383,0,438,G,A:438,A,A
sample_1,NC_002008.4,8242,0,1562,A,G:1561 T:1,G,G
sample_1,NC_002008.4,9896,0,459,C,T:459,T,T
sample_1,NC_002008.4,11657,0,291,A,C:291,C,C
sample_1,NC_002008.4,11813,0,153,G,A:153,A,A
sample_1,NC_002008.4,14534,0,1404,A,G:1404,G,G
sample_1,NC_002008.4,15475,0,1509,C,T:1508 G:1,T,T
sample_1,NC_002008.4,15750,1,3658,T,C:3656 T:1 A:1,C,C
sample_2,NC_002008.4,2833,4,317,T,C:313 T:4,C,C
sample_2,NC_002008.4,6302,1,41,G,A:40 G:1,A,A
sample_2,NC_002008.4,6683,0,98,C,T:98,T,T
sample_2,NC_002008.4,7383,0,69,G,A:69,A,A
sample_2,NC_002008.4,8242,2,224,A,G:222 A:2,G,G
sample_2,NC_002008.4,9896,1,90,C,T:89 C:1,T,T
sample_2,NC_002008.4,11657,0,38,A,C:38,C,C
sample_2,NC_002008.4,11813,1,18,G,A:17 G:1,A,A
sample_2,NC_002008.4,14534,6,242,A,G:236 A:6,G,G
sample_2,NC_002008.4,15475,8,269,C,T:261 C:8,T,T
sample_2,NC_002008.4,15750,6,369,T,C:363 T:6,C,C
sample_3,NC_002008.4,2833,5,63,T,C:58 T:5,C,C
sample_3,NC_002008.4,6302,1,6,G,A:5 G:1,A,A
sample_3,NC_002008.4,6683,1,13,C,T:12 C:1,T,T
sample_3,NC_002008.4,7383,2,15,G,A:13 G:2,A,A
sample_3,NC_002008.4,8242,4,44,A,G:40 A:4,G,G
sample_3,NC_002008.4,9896,1,23,C,T:22 C:1,T,T
sample_3,NC_002008.4,11657,0,17,A,C:17,C,C
sample_3,NC_002008.4,11813,1,6,G,A:5 G:1,A,A
sample_3,NC_002008.4,14534,5,53,A,G:48 A:5,G,G
sample_3,NC_002008.4,15475,7,61,C,T:54 C:7,T,T
sample_3,NC_002008.4,15750,17,100,T,C:83 T:17,C,C
sample_4,NC_002008.4,2833,4,37,T,C:33 T:4,C,C
sample_4,NC_002008.4,6302,0,7,G,A:7,A,A
sample_4,NC_002008.4,6683,2,13,C,C:2 T:11,T,T
sample_4,NC_002008.4,7383,1,10,G,A:9 G:1,A,A
sample_4,NC_002008.4,8242,3,22,A,G:19 A:3,G,G
sample_4,NC_002008.4,9896,1,11,C,T:10 C:1,T,T
sample_4,NC_002008.4,11657,0,5,A,C:5,C,C
sample_4,NC_002008.4,11813,0,4,G,A:4,A,A
sample_4,NC_002008.4,14534,1,19,A,G:18 A:1,G,G
sample_4,NC_002008.4,15475,3,22,C,T:19 C:3,T,T
sample_4,NC_002008.4,15750,4,46,T,C:42 T:4,C,C
sample_5,NC_002008.4,2833,1,76,T,C:75 T:1,C,C
sample_5,NC_002008.4,6302,0,10,G,A:10,A,A
sample_5,NC_002008.4,6683,0,21,C,T:21,T,T
sample_5,NC_002008.4,7383,0,6,G,A:6,A,A
sample_5,NC_002008.4,8242,0,40,A,G:40,G,G
sample_5,NC_002008.4,9896,0,12,C,T:12,T,T
sample_5,NC_002008.4,11657,0,7,A,C:7,C,C
sample_5,NC_002008.4,11813,0,1,G,A:1,A,A
sample_5,NC_002008.4,14534,0,68,A,G:68,G,G
sample_5,NC_002008.4,15475,5,76,C,T:71 C:5,T,T
sample_5,NC_002008.4,15750,6,145,T,C:139 T:6,C,C
sample_6,NC_002008.4,2833,0,51,T,C:51,C,C
sample_6,NC_002008.4,6302,0,8,G,A:8,A,A
sample_6,NC_002008.4,6683,0,10,C,T:10,T,T
sample_6,NC_002008.4,7383,0,13,G,A:13,A,A
sample_6,NC_002008.4,8242,0,43,A,G:43,G,G
sample_6,NC_002008.4,9896,0,14,C,T:14,T,T
sample_6,NC_002008.4,11657,0,5,A,C:5,C,C
sample_6,NC_002008.4,11813,0,1,G,A:1,A,A
sample_6,NC_002008.4,14534,1,33,A,G:32 A:1,G,G
sample_6,NC_002008.4,15475,0,47,C,T:47,T,T
sample_6,NC_002008.4,15750,0,81,T,C:81,C,C
sample_7,NC_002008.4,2833,0,0,T,,C,C
sample_7,NC_002008.4,6302,0,0,G,,A,A
sample_7,NC_002008.4,6683,0,1,C,T:1,T,T
sample_7,NC_002008.4,7383,0,0,G,,A,A
sample_7,NC_002008.4,8242,0,0,A,,G,G
sample_7,NC_002008.4,9896,0,1,C,T:1,T,T
sample_7,NC_002008.4,11657,0,0,A,,C,C
sample_7,NC_002008.4,11813,0,0,G,,A,A
sample_7,NC_002008.4,14534,0,0,A,,G,G
sample_7,NC_002008.4,15475,0,2,C,T:2,T,T
sample_7,NC_002008.4,15750,0,0,T,,C,C
sample_8,NC_002008.4,2833,30,108,T,C:78 T:30,C,C
sample_8,NC_002008.4,6302,8,22,G,G:8 A:14,A,A
sample_8,NC_002008.4,6683,5,19,C,T:14 C:5,T,T
sample_8,NC_002008.4,7383,11,31,G,A:20 G:11,A,A
sample_8,NC_002008.4,8242,23,66,A,G:43 A:23,G,G
sample_8,NC_002008.4,9896,5,33,C,T:28 C:5,T,T
sample_8,NC_002008.4,11657,8,18,A,A:8 C:10,C,C
sample_8,NC_002008.4,11813,6,20,G,G:6 A:14,A,A
sample_8,NC_002008.4,14534,30,94,A,G:64 A:30,G,G
sample_8,NC_002008.4,15475,33,80,C,T:47 C:33,T,T
sample_8,NC_002008.4,15750,63,188,T,T:63 C:125,C,C
sample_9,NC_002008.4,2833,5,54,T,T:5 C:49,C,C
sample_9,NC_002008.4,6302,0,6,G,A:6,A,A
sample_9,NC_002008.4,6683,3,21,C,T:18 C:3,T,T
sample_9,NC_002008.4,7383,1,13,G,A:12 G:1,A,A
sample_9,NC_002008.4,8242,2,39,A,G:37 A:2,G,G
sample_9,NC_002008.4,9896,1,14,C,T:13 C:1,T,T
sample_9,NC_002008.4,11657,0,6,A,C:6,C,C
sample_9,NC_002008.4,11813,0,3,G,A:3,A,A
sample_9,NC_002008.4,14534,2,49,A,G:47 A:2,G,G
sample_9,NC_002008.4,15475,3,53,C,T:50 C:3,T,T
sample_9,NC_002008.4,15750,8,68,T,C:60 T:8,C,C
sample_10,NC_002008.4,2833,4,77,T,C:73 T:4,C,C
sample_10,NC_002008.4,6302,0,15,G,A:15,A,A
sample_10,NC_002008.4,6683,1,23,C,T:22 C:1,T,T
sample_10,NC_002008.4,7383,2,17,G,A:15 G:2,A,A
sample_10,NC_002008.4,8242,1,51,A,G:50 A:1,G,G
sample_10,NC_002008.4,9896,0,18,C,T:18,T,T
sample_10,NC_002008.4,11657,0,5,A,C:5,C,C
sample_10,NC_002008.4,11813,0,6,G,A:6,A,A
sample_10,NC_002008.4,14534,0,69,A,G:69,G,G
sample_10,NC_002008.4,15475,1,45,C,T:44 C:1,T,T
sample_10,NC_002008.4,15750,3,101,T,C:98 T:3,C,C
sample_11,NC_002008.4,2833,3,21,T,C:18 T:3,C,C
sample_11,NC_002008.4,6302,0,2,G,A:2,A,A
sample_11,NC_002008.4,6683,1,7,C,T:6 C:1,T,T
sample_11,NC_002008.4,7383,0,7,G,A:7,A,A
sample_11,NC_002008.4,8242,0,9,A,G:9,G,G
sample_11,NC_002008.4,9896,1,9,C,T:8 C:1,T,T
sample_11,NC_002008.4,11657,0,3,A,C:3,C,C
sample_11,NC_002008.4,11813,0,0,G,,A,A
sample_11,NC_002008.4,14534,0,17,A,G:17,G,G
sample_11,NC_002008.4,15475,2,18,C,T:16 C:2,T,T
sample_11,NC_002008.4,15750,2,43,T,C:41 T:2,C,C
sample_12,NC_002008.4,2833,0,43,T,C:43,C,C
sample_12,NC_002008.4,6302,2,11,G,A:9 G:2,A,A
sample_12,NC_002008.4,6683,0,13,C,T:13,T,T
sample_12,NC_002008.4,7383,1,15,G,A:14 G:1,A,A
sample_12,NC_002008.4,8242,0,25,A,G:25,G,G
sample_12,NC_002008.4,9896,0,21,C,T:21,T,T
sample_12,NC_002008.4,11657,0,6,A,C:6,C,C
sample_12,NC_002008.4,11813,0,6,G,A:6,A,A
sample_12,NC_002008.4,14534,1,43,A,G:42 A:1,G,G
sample_12,NC_002008.4,15475,1,38,C,T:37 C:1,T,T
sample_12,NC_002008.4,15750,1,96,T,C:95 T:1,C,C
sample_13,NC_002008.4,2833,0,9,T,C:9,C,C
sample_13,NC_002008.4,6302,1,4,G,G:1 A:3,A,A
sample_13,NC_002008.4,6683,0,2,C,T:2,T,T
sample_13,NC_002008.4,7383,0,5,G,A:5,A,A
sample_13,NC_002008.4,8242,1,7,A,G:6 A:1,G,G
sample_13,NC_002008.4,9896,1,3,C,C:1 T:2,T,T
sample_13,NC_002008.4,11657,0,1,A,C:1,C,C
sample_13,NC_002008.4,11813,1,1,G,G:1,A,A
sample_13,NC_002008.4,14534,1,7,A,G:6 A:1,G,G
sample_13,NC_002008.4,15475,0,11,C,T:11,T,T
sample_13,NC_002008.4,15750,1,20,T,C:19 T:1,C,C
sample_14,NC_002008.4,2833,2,61,T,C:59 T:2,C,C
sample_14,NC_002008.4,6302,2,6,G,G:2 A:4,A,A
sample_14,NC_002008.4,6683,0,14,C,T:14,T,T
sample_14,NC_002008.4,7383,0,9,G,A:9,A,A
sample_14,NC_002008.4,8242,1,52,A,G:51 A:1,G,G
sample_14,NC_002008.4,9896,0,21,C,T:21,T,T
sample_14,NC_002008.4,11657,0,5,A,C:5,C,C
sample_14,NC_002008.4,11813,0,4,G,A:4,A,A
sample_14,NC_002008.4,14534,0,39,A,G:39,G,G
sample_14,NC_002008.4,15475,0,27,C,T:27,T,T
sample_14,NC_002008.4,15750,0,94,T,C:94,C,C
sample_15,NC_002008.4,2833,1,140,T,C:139 T:1,C,C
sample_15,NC_002008.4,6302,1,18,G,A:17 G:1,A,A
sample_15,NC_002008.4,6683,1,23,C,T:22 C:1,T,T
sample_15,NC_002008.4,7383,0,33,G,A:33,A,A
sample_15,NC_002008.4,8242,1,77,A,G:76 A:1,G,G
sample_15,NC_002008.4,9896,0,31,C,T:31,T,T
sample_15,NC_002008.4,11657,1,9,A,A:1 C:8,C,C
sample_15,NC_002008.4,11813,2,16,G,A:14 G:2,A,A
sample_15,NC_002008.4,14534,0,103,A,G:103,G,G
sample_15,NC_002008.4,15475,2,90,C,T:88 C:2,T,T
sample_15,NC_002008.4,15750,3,151,T,C:148 T:3,C,C
sample_16,NC_002008.4,2833,0,6,T,C:6,C,C
sample_16,NC_002008.4,6302,0,0,G,,A,A
sample_16,NC_002008.4,6683,1,1,C,C:1,T,T
sample_16,NC_002008.4,7383,0,1,G,A:1,A,A
sample_16,NC_002008.4,8242,0,5,A,G:5,G,G
sample_16,NC_002008.4,9896,0,2,C,T:2,T,T
sample_16,NC_002008.4,11657,0,0,A,,C,C
sample_16,NC_002008.4,11813,0,0,G,,A,A
sample_16,NC_002008.4,14534,0,11,A,G:11,G,G
sample_16,NC_002008.4,15475,0,7,C,T:7,T,T
sample_16,NC_002008.4,15750,1,11,T,C:10 T:1,C,C
sample_17,NC_002008.4,2833,1,83,T,C:82 T:1,C,C
sample_17,NC_002008.4,6302,0,12,G,A:12,A,A
sample_17,NC_002008.4,6683,0,22,C,T:22,T,T
sample_17,NC_002008.4,7383,0,10,G,A:10,A,A
sample_17,NC_002008.4,8242,0,45,A,G:45,G,G
sample_17,NC_002008.4,9896,0,10,C,T:10,T,T
sample_17,NC_002008.4,11657,0,14,A,C:14,C,C
sample_17,NC_002008.4,11813,0,7,G,A:7,A,A
sample_17,NC_002008.4,14534,0,58,A,G:58,G,G
sample_17,NC_002008.4,15475,0,52,C,T:52,T,T
sample_17,NC_002008.4,15750,3,136,T,C:133 T:3,C,C
sample_18,NC_002008.4,2833,0,1,T,C:1,C,C
sample_18,NC_002008.4,6302,0,1,G,A:1,A,A
sample_18,NC_002008.4,6683,0,0,C,,T,T
sample_18,NC_002008.4,7383,0,0,G,,A,A
sample_18,NC_002008.4,8242,0,0,A,,G,G
sample_18,NC_002008.4,9896,0,0,C,,T,T
sample_18,NC_002008.4,11657,0,0,A,,C,C
sample_18,NC_002008.4,11813,0,0,G,,A,A
sample_18,NC_002008.4,14534,0,1,A,G:1,G,G
sample_18,NC_002008.4,15475,0,1,C,T:1,T,T
sample_18,NC_002008.4,15750,0,2,T,C:2,C,C
sample_19,NC_002008.4,2833,1,16,T,C:15 T:1,C,C
sample_19,NC_002008.4,6302,3,4,G,G:3 A:1,A,A
sample_19,NC_002008.4,6683,0,3,C,T:3,T,T
sample_19,NC_002008.4,7383,0,3,G,A:3,A,A
sample_19,NC_002008.4,8242,1,11,A,A:1 G:10,G,G
sample_19,NC_002008.4,9896,0,5,C,T:5,T,T
sample_19,NC_002008.4,11657,0,1,A,C:1,C,C
sample_19,NC_002008.4,11813,0,1,G,A:1,A,A
sample_19,NC_002008.4,14534,0,17,A,G:17,G,G
sample_19,NC_002008.4,15475,1,15,C,T:14 C:1,T,T
sample_19,NC_002008.4,15750,6,28,T,C:22 T:6,C,C
sample_20,NC_002008.4,2833,0,0,T,,C,C
sample_20,NC_002008.4,6302,0,0,G,,A,A
sample_20,NC_002008.4,6683,0,0,C,,T,T
sample_20,NC_002008.4,7383,0,0,G,,A,A
sample_20,NC_002008.4,8242,0,0,A,,G,G
sample_20,NC_002008.4,9896,0,0,C,,T,T
sample_20,NC_002008.4,11657,0,0,A,,C,C
sample_20,NC_002008.4,11813,0,0,G,,A,A
sample_20,NC_002008.4,14534,0,0,A,,G,G
sample_20,NC_002008.4,15475,0,0,C,,T,T
sample_20,NC_002008.4,15750,0,0,T,,C,C
sample_21,NC_002008.4,2833,0,5,T,C:5,C,C
sample_21,NC_002008.4,6302,0,2,G,A:2,A,A
sample_21,NC_002008.4,6683,0,0,C,,T,T
sample_21,NC_002008.4,7383,0,0,G,,A,A
sample_21,NC_002008.4,8242,0,2,A,G:2,G,G
sample_21,NC_002008.4,9896,0,1,C,T:1,T,T
sample_21,NC_002008.4,11657,0,2,A,C:2,C,C
sample_21,NC_002008.4,11813,0,0,G,,A,A
sample_21,NC_002008.4,14534,0,0,A,,G,G
sample_21,NC_002008.4,15475,0,3,C,T:3,T,T
sample_21,NC_002008.4,15750,0,10,T,C:10,C,C
sample_22,NC_002008.4,2833,0,109,T,C:109,C,C
sample_22,NC_002008.4,6302,0,7,G,A:7,A,A
sample_22,NC_002008.4,6683,0,19,C,T:19,T,T
sample_22,NC_002008.4,7383,0,26,G,A:26,A,A
sample_22,NC_002008.4,8242,2,86,A,G:84 A:2,G,G
sample_22,NC_002008.4,9896,0,47,C,T:47,T,T
sample_22,NC_002008.4,11657,0,9,A,C:9,C,C
sample_22,NC_002008.4,11813,0,13,G,A:13,A,A
sample_22,NC_002008.4,14534,1,76,A,G:75 A:1,G,G
sample_22,NC_002008.4,15475,1,100,C,T:99 C:1,T,T
sample_22,NC_002008.4,15750,0,167,T,C:167,C,C
sample_23,NC_002008.4,2833,1,170,T,C:169 T:1,C,C
sample_23,NC_002008.4,6302,0,19,G,A:19,A,A
sample_23,NC_002008.4,6683,0,31,C,T:31,T,T
sample_23,NC_002008.4,7383,0,46,G,A:45 T:1,A,A
sample_23,NC_002008.4,8242,1,108,A,G:107 A:1,G,G
sample_23,NC_002008.4,9896,0,47,C,T:47,T,T
sample_23,NC_002008.4,11657,0,13,A,C:13,C,C
sample_23,NC_002008.4,11813,0,11,G,A:11,A,A
sample_23,NC_002008.4,14534,2,127,A,G:125 A:2,G,G
sample_23,NC_002008.4,15475,0,144,C,T:144,T,T
sample_23,NC_002008.4,15750,2,242,T,C:240 T:2,C,C
sample_24,NC_002008.4,2833,1,91,T,C:90 T:1,C,C
sample_24,NC_002008.4,6302,0,16,G,A:16,A,A
sample_24,NC_002008.4,6683,0,11,C,T:11,T,T
sample_24,NC_002008.4,7383,0,18,G,A:18,A,A
sample_24,NC_002008.4,8242,0,60,A,G:60,G,G
sample_24,NC_002008.4,9896,0,35,C,T:35,T,T
sample_24,NC_002008.4,11657,0,7,A,C:7,C,C
sample_24,NC_002008.4,11813,0,16,G,A:16,A,A
sample_24,NC_002008.4,14534,1,52,A,G:51 A:1,G,G
sample_24,NC_002008.4,15475,2,68,C,T:66 C:2,T,T
sample_24,NC_002008.4,15750,2,152,T,C:150 T:2,C,C
sample_25,NC_002008.4,2833,0,0,T,,C,C
sample_25,NC_002008.4,6302,0,0,G,,A,A
sample_25,NC_002008.4,6683,0,0,C,,T,T
sample_25,NC_002008.4,7383,0,0,G,,A,A
sample_25,NC_002008.4,8242,0,0,A,,G,G
sample_25,NC_002008.4,9896,0,0,C,,T,T
sample_25,NC_002008.4,11657,0,0,A,,C,C
sample_25,NC_002008.4,11813,0,0,G,,A,A
sample_25,NC_002008.4,14534,0,1,A,G:1,G,G
sample_25,NC_002008.4,15475,1,3,C,C:1 T:2,T,T
sample_25,NC_002008.4,15750,0,1,T,C:1,C,C
sample_26,NC_002008.4,2833,0,14,T,C:14,C,C
sample_26,NC_002008.4,6302,0,1,G,A:1,A,A
sample_26,NC_002008.4,6683,0,2,C,T:2,T,T
sample_26,NC_002008.4,7383,0,3,G,A:3,A,A
sample_26,NC_002008.4,8242,0,13,A,G:13,G,G
sample_26,NC_002008.4,9896,0,6,C,T:6,T,T
sample_26,NC_002008.4,11657,0,2,A,C:2,C,C
sample_26,NC_002008.4,11813,0,1,G,A:1,A,A
sample_26,NC_002008.4,14534,1,7,A,G:6 A:1,G,G
sample_26,NC_002008.4,15475,0,7,C,T:7,T,T
sample_26,NC_002008.4,15750,0,27,T,C:27,C,C
sample_27,NC_002008.4,2833,0,27,T,C:27,C,C
sample_27,NC_002008.4,6302,0,6,G,A:6,A,A
sample_27,NC_002008.4,6683,1,6,C,T:5 C:1,T,T
sample_27,NC_002008.4,7383,0,9,G,A:9,A,A
sample_27,NC_002008.4,8242,0,23,A,G:23,G,G
sample_27,NC_002008.4,9896,0,9,C,T:9,T,T
sample_27,NC_002008.4,11657,0,7,A,C:7,C,C
sample_27,NC_002008.4,11813,0,5,G,A:5,A,A
sample_27,NC_002008.4,14534,0,15,A,G:15,G,G
sample_27,NC_002008.4,15475,0,22,C,T:22,T,T
sample_27,NC_002008.4,15750,1,44,T,C:43 T:1,C,C
sample_28,NC_002008.4,2833,1,242,T,C:240 T:1 A:1,C,C
sample_28,NC_002008.4,6302,1,19,G,A:18 G:1,A,A
sample_28,NC_002008.4,6683,1,36,C,T:35 C:1,T,T
sample_28,NC_002008.4,7383,0,52,G,A:52,A,A
sample_28,NC_002008.4,8242,1,137,A,G:136 A:1,G,G
sample_28,NC_002008.4,9896,1,65,C,T:64 C:1,T,T
sample_28,NC_002008.4,11657,0,24,A,C:24,C,C
sample_28,NC_002008.4,11813,0,15,G,A:15,A,A
sample_28,NC_002008.4,14534,1,128,A,G:127 A:1,G,G
sample_28,NC_002008.4,15475,1,145,C,T:144 C:1,T,T
sample_28,NC_002008.4,15750,1,281,T,C:280 T:1,C,C
sample_29,NC_002008.4,2833,0,4,T,C:4,C,C
sample_29,NC_002008.4,6302,0,1,G,A:1,A,A
sample_29,NC_002008.4,6683,0,0,C,,T,T
sample_29,NC_002008.4,7383,0,0,G,,A,A
sample_29,NC_002008.4,8242,0,1,A,G:1,G,G
sample_29,NC_002008.4,9896,0,0,C,,T,T
sample_29,NC_002008.4,11657,0,3,A,C:3,C,C
sample_29,NC_002008.4,11813,0,2,G,A:2,A,A
sample_29,NC_002008.4,14534,0,3,A,G:3,G,G
sample_29,NC_002008.4,15475,0,0,C,,T,T
sample_29,NC_002008.4,15750,0,6,T,C:6,C,C
sample_30,NC_002008.4,2833,0,0,T,,C,C
sample_30,NC_002008.4,6302,0,0,G,,A,A
sample_30,NC_002008.4,6683,0,0,C,,T,T
sample_30,NC_002008.4,7383,0,0,G,,A,A
sample_30,NC_002008.4,8242,0,0,A,,G,G
sample_30,NC_002008.4,9896,0,0,C,,T,T
sample_30,NC_002008.4,11657,0,0,A,,C,C
sample_30,NC_002008.4,11813,0,0,G,,A,A
sample_30,NC_002008.4,14534,0,0,A,,G,G
sample_30,NC_002008.4,15475,0,0,C,,T,T
sample_30,NC_002008.4,15750,0,0,T,,C,C
sample_31,NC_002008.4,2833,0,0,T,,C,C
sample_31,NC_002008.4,6302,0,0,G,,A,A
sample_31,NC_002008.4,6683,0,0,C,,T,T
sample_31,NC_002008.4,7383,0,0,G,,A,A
sample_31,NC_002008.4,8242,0,1,A,G:1,G,G
sample_31,NC_002008.4,9896,0,0,C,,T,T
sample_31,NC_002008.4,11657,0,0,A,,C,C
sample_31,NC_002008.4,11813,0,0,G,,A,A
sample_31,NC_002008.4,14534,0,0,A,,G,G
sample_31,NC_002008.4,15475,0,0,C,,T,T
sample_31,NC_002008.4,15750,0,0,T,,C,C
sample_32,NC_002008.4,2833,0,0,T,,C,C
sample_32,NC_002008.4,6302,0,0,G,,A,A
sample_32,NC_002008.4,6683,0,0,C,,T,T
sample_32,NC_002008.4,7383,0,0,G,,A,A
sample_32,NC_002008.4,8242,0,0,A,,G,G
sample_32,NC_002008.4,9896,0,0,C,,T,T
sample_32,NC_002008.4,11657,0,0,A,,C,C
sample_32,NC_002008.4,11813,0,0,G,,A,A
sample_32,NC_002008.4,14534,0,0,A,,G,G
sample_32,NC_002008.4,15475,0,0,C,,T,T
sample_32,NC_002008.4,15750,0,1,T,C:1,C,C
sample_33,NC_002008.4,2833,0,0,T,,C,C
sample_33,NC_002008.4,6302,0,0,G,,A,A
sample_33,NC_002008.4,6683,0,0,C,,T,T
sample_33,NC_002008.4,7383,0,0,G,,A,A
sample_33,NC_002008.4,8242,0,0,A,,G,G
sample_33,NC_002008.4,9896,0,0,C,,T,T
sample_33,NC_002008.4,11657,0,0,A,,C,C
sample_33,NC_002008.4,11813,0,0,G,,A,A
sample_33,NC_002008.4,14534,0,0,A,,G,G
sample_33,NC_002008.4,15475,0,0,C,,T,T
sample_33,NC_002008.4,15750,0,0,T,,C,C
sample_34,NC_002008.4,2833,0,0,T,,C,C
sample_34,NC_002008.4,6302,0,0,G,,A,A
sample_34,NC_002008.4,6683,0,0,C,,T,T
sample_34,NC_002008.4,7383,0,0,G,,A,A
sample_34,NC_002008.4,8242,0,0,A,,G,G
sample_34,NC_002008.4,9896,0,0,C,,T,T
sample_34,NC_002008.4,11657,0,0,A,,C,C
sample_34,NC_002008.4,11813,0,0,G,,A,A
sample_34,NC_002008.4,14534,0,0,A,,G,G
sample_34,NC_002008.4,15475,0,0,C,,T,T
sample_34,NC_002008.4,15750,0,0,T,,C,C
sample_35,NC_002008.4,2833,0,0,T,,C,C
sample_35,NC_002008.4,6302,0,0,G,,A,A
sample_35,NC_002008.4,6683,0,0,C,,T,T
sample_35,NC_002008.4,7383,0,0,G,,A,A
sample_35,NC_002008.4,8242,0,0,A,,G,G
sample_35,NC_002008.4,9896,0,0,C,,T,T
sample_35,NC_002008.4,11657,0,0,A,,C,C
sample_35,NC_002008.4,11813,0,0,G,,A,A
sample_35,NC_002008.4,14534,0,0,A,,G,G
sample_35,NC_002008.4,15475,0,0,C,,T,T
sample_35,NC_002008.4,15750,0,0,T,,C,C
sample_36,NC_002008.4,2833,0,172,T,C:172,C,C
sample_36,NC_002008.4,6302,0,15,G,A:15,A,A
sample_36,NC_002008.4,6683,0,28,C,T:28,T,T
sample_36,NC_002008.4,7383,0,37,G,A:37,A,A
sample_36,NC_002008.4,8242,0,110,A,G:110,G,G
sample_36,NC_002008.4,9896,0,52,C,T:52,T,T
sample_36,NC_002008.4,11657,0,19,A,C:19,C,C
sample_36,NC_002008.4,11813,0,17,G,A:17,A,A
sample_36,NC_002008.4,14534,0,105,A,G:105,G,G
sample_36,NC_002008.4,15475,0,109,C,T:109,T,T
sample_36,NC_002008.4,15750,0,229,T,C:229,C,C
sample_37,NC_002008.4,2833,0,347,T,C:346 A:1,C,C
sample_37,NC_002008.4,6302,0,33,G,A:33,A,A
sample_37,NC_002008.4,6683,0,60,C,T:60,T,T
sample_37,NC_002008.4,7383,0,74,G,A:74,A,A
sample_37,NC_002008.4,8242,0,206,A,G:206,G,G
sample_37,NC_002008.4,9896,0,106,C,T:106,T,T
sample_37,NC_002008.4,11657,0,58,A,C:58,C,C
sample_37,NC_002008.4,11813,0,52,G,A:52,A,A
sample_37,NC_002008.4,14534,0,196,A,G:196,G,G
sample_37,NC_002008.4,15475,0,204,C,T:204,T,T
sample_37,NC_002008.4,15750,0,447,T,C:447,C,C
sample_38,NC_002008.4,2833,0,13,T,C:13,C,C
sample_38,NC_002008.4,6302,0,3,G,A:3,A,A
sample_38,NC_002008.4,6683,0,0,C,,T,T
sample_38,NC_002008.4,7383,0,0,G,,A,A
sample_38,NC_002008.4,8242,0,6,A,G:6,G,G
sample_38,NC_002008.4,9896,0,2,C,T:2,T,T
sample_38,NC_002008.4,11657,0,1,A,C:1,C,C
sample_38,NC_002008.4,11813,0,0,G,,A,A
sample_38,NC_002008.4,14534,0,7,A,G:7,G,G
sample_38,NC_002008.4,15475,0,5,C,T:5,T,T
sample_38,NC_002008.4,15750,0,14,T,C:14,C,C
sample_40,NC_002008.4,2833,0,311,T,C:311,C,C
sample_40,NC_002008.4,6302,0,34,G,A:34,A,A
sample_40,NC_002008.4,6683,0,58,C,T:58,T,T
sample_40,NC_002008.4,7383,0,68,G,A:68,A,A
sample_40,NC_002008.4,8242,0,164,A,G:164,G,G
sample_40,NC_002008.4,9896,0,86,C,T:86,T,T
sample_40,NC_002008.4,11657,0,27,A,C:27,C,C
sample_40,NC_002008.4,11813,0,31,G,A:31,A,A
sample_40,NC_002008.4,14534,1,203,A,G:202 A:1,G,G
sample_40,NC_002008.4,15475,0,252,C,T:252,T,T
sample_40,NC_002008.4,15750,0,438,T,C:438,C,C
sample_41,NC_002008.4,2833,0,193,T,C:193,C,C
sample_41,NC_002008.4,6302,0,16,G,A:16,A,A
sample_41,NC_002008.4,6683,0,21,C,T:21,T,T
sample_41,NC_002008.4,7383,0,46,G,A:46,A,A
sample_41,NC_002008.4,8242,0,90,A,G:90,G,G
sample_41,NC_002008.4,9896,0,44,C,T:44,T,T
sample_41,NC_002008.4,11657,0,10,A,C:10,C,C
sample_41,NC_002008.4,11813,0,8,G,A:8,A,A
sample_41,NC_002008.4,14534,0,117,A,G:117,G,G
sample_41,NC_002008.4,15475,0,123,C,T:123,T,T
sample_41,NC_002008.4,15750,0,263,T,C:262 A:1,C,C
sample_42,NC_002008.4,2833,0,139,T,C:139,C,C
sample_42,NC_002008.4,6302,0,11,G,A:11,A,A
sample_42,NC_002008.4,6683,0,11,C,T:11,T,T
sample_42,NC_002008.4,7383,0,23,G,A:23,A,A
sample_42,NC_002008.4,8242,0,66,A,G:66,G,G
sample_42,NC_002008.4,9896,0,32,C,T:30 A:1 G:1,T,T
sample_42,NC_002008.4,11657,0,14,A,C:14,C,C
sample_42,NC_002008.4,11813,0,10,G,A:10,A,A
sample_42,NC_002008.4,14534,0,65,A,G:65,G,G
sample_42,NC_002008.4,15475,0,87,C,T:87,T,T
sample_42,NC_002008.4,15750,0,162,T,C:162,C,C
sample_44,NC_002008.4,2833,0,27,T,C:27,C,C
sample_44,NC_002008.4,6302,0,6,G,A:6,A,A
sample_44,NC_002008.4,6683,0,8,C,T:8,T,T
sample_44,NC_002008.4,7383,0,10,G,A:10,A,A
sample_44,NC_002008.4,8242,0,12,A,G:12,G,G
sample_44,NC_002008.4,9896,0,9,C,T:9,T,T
sample_44,NC_002008.4,11657,0,10,A,C:10,C,C
sample_44,NC_002008.4,11813,0,9,G,A:9,A,A
sample_44,NC_002008.4,14534,0,17,A,G:17,G,G
sample_44,NC_002008.4,15475,0,24,C,T:24,T,T
sample_44,NC_002008.4,15750,0,79,T,C:79,C,C
sample_46,NC_002008.4,2833,0,0,T,,C,C
sample_46,NC_002008.4,6302,0,0,G,,A,A
sample_46,NC_002008.4,6683,0,0,C,,T,T
sample_46,NC_002008.4,7383,0,0,G,,A,A
sample_46,NC_002008.4,8242,0,0,A,,G,G
sample_46,NC_002008.4,9896,0,0,C,,T,T
sample_46,NC_002008.4,11657,0,0,A,,C,C
sample_46,NC_002008.4,11813,0,0,G,,A,A
sample_46,NC_002008.4,14534,0,0,A,,G,G
sample_46,NC_002008.4,15475,0,0,C,,T,T
sample_46,NC_002008.4,15750,0,0,T,,C,C
sample_47,NC_002008.4,2833,0,26,T,C:26,C,C
sample_47,NC_002008.4,6302,0,3,G,A:3,A,A
sample_47,NC_002008.4,6683,0,4,C,T:4,T,T
sample_47,NC_002008.4,7383,0,5,G,A:5,A,A
sample_47,NC_002008.4,8242,0,6,A,G:6,G,G
sample_47,NC_002008.4,9896,0,9,C,T:9,T,T
sample_47,NC_002008.4,11657,0,2,A,C:2,C,C
sample_47,NC_002008.4,11813,0,1,G,A:1,A,A
sample_47,NC_002008.4,14534,0,22,A,G:22,G,G
sample_47,NC_002008.4,15475,0,15,C,T:15,T,T
sample_47,NC_002008.4,15750,0,25,T,C:25,C,C
sample_48,NC_002008.4,2833,0,0,T,,C,C
sample_48,NC_002008.4,6302,0,0,G,,A,A
sample_48,NC_002008.4,6683,0,0,C,,T,T
sample_48,NC_002008.4,7383,0,0,G,,A,A
sample_48,NC_002008.4,8242,0,0,A,,G,G
sample_48,NC_002008.4,9896,0,0,C,,T,T
sample_48,NC_002008.4,11657,0,0,A,,C,C
sample_48,NC_002008.4,11813,0,0,G,,A,A
sample_48,NC_002008.4,14534,0,0,A,,G,G
sample_48,NC_002008.4,15475,0,0,C,,T,T
sample_48,NC_002008.4,15750,0,0,T,,C,C
sample_49,NC_002008.4,2833,0,4,T,C:4,C,C
sample_49,NC_002008.4,6302,0,0,G,,A,A
sample_49,NC_002008.4,6683,0,1,C,T:1,T,T
sample_49,NC_002008.4,7383,0,0,G,,A,A
sample_49,NC_002008.4,8242,0,2,A,G:2,G,G
sample_49,NC_002008.4,9896,0,0,C,,T,T
sample_49,NC_002008.4,11657,0,0,A,,C,C
sample_49,NC_002008.4,11813,0,0,G,,A,A
sample_49,NC_002008.4,14534,0,2,A,G:2,G,G
sample_49,NC_002008.4,15475,0,1,C,T:1,T,T
sample_49,NC_002008.4,15750,0,4,T,C:4,C,C
sample_50,NC_002008.4,2833,0,0,T,,C,C
sample_50,NC_002008.4,6302,0,0,G,,A,A
sample_50,NC_002008.4,6683,0,0,C,,T,T
sample_50,NC_002008.4,7383,0,0,G,,A,A
sample_50,NC_002008.4,8242,0,0,A,,G,G
sample_50,NC_002008.4,9896,0,0,C,,T,T
sample_50,NC_002008.4,11657,0,0,A,,C,C
sample_50,NC_002008.4,11813,0,0,G,,A,A
sample_50,NC_002008.4,14534,0,0,A,,G,G
sample_50,NC_002008.4,15475,0,0,C,,T,T
sample_50,NC_002008.4,15750,0,0,T,,C,C
sample_51,NC_002008.4,2833,0,0,T,,C,C
sample_51,NC_002008.4,6302,0,0,G,,A,A
sample_51,NC_002008.4,6683,0,0,C,,T,T
sample_51,NC_002008.4,7383,0,0,G,,A,A
sample_51,NC_002008.4,8242,0,0,A,,G,G
sample_51,NC_002008.4,9896,0,0,C,,T,T
sample_51,NC_002008.4,11657,0,0,A,,C,C
sample_51,NC_002008.4,11813,0,0,G,,A,A
sample_51,NC_002008.4,14534,0,0,A,,G,G
sample_51,NC_002008.4,15475,0,0,C,,T,T
sample_51,NC_002008.4,15750,0,0,T,,C,C
sample_52,NC_002008.4,2833,0,0,T,,C,C
sample_52,NC_002008.4,6302,0,0,G,,A,A
sample_52,NC_002008.4,6683,0,0,C,,T,T
sample_52,NC_002008.4,7383,0,0,G,,A,A
sample_52,NC_002008.4,8242,0,0,A,,G,G
sample_52,NC_002008.4,9896,0,0,C,,T,T
sample_52,NC_002008.4,11657,0,0,A,,C,C
sample_52,NC_002008.4,11813,0,0,G,,A,A
sample_52,NC_002008.4,14534,0,0,A,,G,G
sample_52,NC_002008.4,15475,0,1,C,T:1,T,T
sample_52,NC_002008.4,15750,0,2,T,C:2,C,C
sample_53,NC_002008.4,2833,0,0,T,,C,C
sample_53,NC_002008.4,6302,0,0,G,,A,A
sample_53,NC_002008.4,6683,0,0,C,,T,T
sample_53,NC_002008.4,7383,0,0,G,,A,A
sample_53,NC_002008.4,8242,0,0,A,,G,G
sample_53,NC_002008.4,9896,0,0,C,,T,T
sample_53,NC_002008.4,11657,0,0,A,,C,C
sample_53,NC_002008.4,11813,0,0,G,,A,A
sample_53,NC_002008.4,14534,0,0,A,,G,G
sample_53,NC_002008.4,15475,0,0,C,,T,T
sample_53,NC_002008.4,15750,0,0,T,,C,C
sample_54,NC_002008.4,2833,0,0,T,,C,C
sample_54,NC_002008.4,6302,0,0,G,,A,A
sample_54,NC_002008.4,6683,0,0,C,,T,T
sample_54,NC_002008.4,7383,0,1,G,A:1,A,A
sample_54,NC_002008.4,8242,0,2,A,G:2,G,G
sample_54,NC_002008.4,9896,0,0,C,,T,T
sample_54,NC_002008.4,11657,0,0,A,,C,C
sample_54,NC_002008.4,11813,0,0,G,,A,A
sample_54,NC_002008.4,14534,0,0,A,,G,G
sample_54,NC_002008.4,15475,0,0,C,,T,T
sample_54,NC_002008.4,15750,0,2,T,C:2,C,C
sample_55,NC_002008.4,2833,0,0,T,,C,C
sample_55,NC_002008.4,6302,0,0,G,,A,A
sample_55,NC_002008.4,6683,0,0,C,,T,T
sample_55,NC_002008.4,7383,0,0,G,,A,A
sample_55,NC_002008.4,8242,0,0,A,,G,G
sample_55,NC_002008.4,9896,0,0,C,,T,T
sample_55,NC_002008.4,11657,0,0,A,,C,C
sample_55,NC_002008.4,11813,0,0,G,,A,A
sample_55,NC_002008.4,14534,0,0,A,,G,G
sample_55,NC_002008.4,15475,0,0,C,,T,T
sample_55,NC_002008.4,15750,0,0,T,,C,C
sample_56,NC_002008.4,2833,0,0,T,,C,C
sample_56,NC_002008.4,6302,0,0,G,,A,A
sample_56,NC_002008.4,6683,0,0,C,,T,T
sample_56,NC_002008.4,7383,0,0,G,,A,A
sample_56,NC_002008.4,8242,0,2,A,G:2,G,G
sample_56,NC_002008.4,9896,0,0,C,,T,T
sample_56,NC_002008.4,11657,0,0,A,,C,C
sample_56,NC_002008.4,11813,0,0,G,,A,A
sample_56,NC_002008.4,14534,0,1,A,G:1,G,G
sample_56,NC_002008.4,15475,0,0,C,,T,T
sample_56,NC_002008.4,15750,0,0,T,,C,C
sample_57,NC_002008.4,2833,0,4,T,C:4,C,C
sample_57,NC_002008.4,6302,0,0,G,,A,A
sample_57,NC_002008.4,6683,0,1,C,T:1,T,T
sample_57,NC_002008.4,7383,0,0,G,,A,A
sample_57,NC_002008.4,8242,0,1,A,G:1,G,G
sample_57,NC_002008.4,9896,0,3,C,T:3,T,T
sample_57,NC_002008.4,11657,0,0,A,,C,C
sample_57,NC_002008.4,11813,0,0,G,,A,A
sample_57,NC_002008.4,14534,0,4,A,G:4,G,G
sample_57,NC_002008.4,15475,0,5,C,T:5,T,T
sample_57,NC_002008.4,15750,0,3,T,C:3,C,C
sample_59,NC_002008.4,2833,0,5,T,C:5,C,C
sample_59,NC_002008.4,6302,0,0,G,,A,A
sample_59,NC_002008.4,6683,0,2,C,T:2,T,T
sample_59,NC_002008.4,7383,0,2,G,A:2,A,A
sample_59,NC_002008.4,8242,0,1,A,G:1,G,G
sample_59,NC_002008.4,9896,0,2,C,T:2,T,T
sample_59,NC_002008.4,11657,0,1,A,C:1,C,C
sample_59,NC_002008.4,11813,0,0,G,,A,A
sample_59,NC_002008.4,14534,0,4,A,G:4,G,G
sample_59,NC_002008.4,15475,0,5,C,T:5,T,T
sample_59,NC_002008.4,15750,0,6,T,C:6,C,C
sample_60,NC_002008.4,2833,0,0,T,,C,C
sample_60,NC_002008.4,6302,0,0,G,,A,A
sample_60,NC_002008.4,6683,0,0,C,,T,T
sample_60,NC_002008.4,7383,0,0,G,,A,A
sample_60,NC_002008.4,8242,0,2,A,G:2,G,G
sample_60,NC_002008.4,9896,0,0,C,,T,T
sample_60,NC_002008.4,11657,0,0,A,,C,C
sample_60,NC_002008.4,11813,0,0,G,,A,A
sample_60,NC_002008.4,14534,0,0,A,,G,G
sample_60,NC_002008.4,15475,0,0,C,,T,T
sample_60,NC_002008.4,15750,0,1,T,C:1,C,C
sample_61,NC_002008.4,2833,0,2,T,C:2,C,C
sample_61,NC_002008.4,6302,0,0,G,,A,A
sample_61,NC_002008.4,6683,0,1,C,T:1,T,T
sample_61,NC_002008.4,7383,0,0,G,,A,A
sample_61,NC_002008.4,8242,0,1,A,G:1,G,G
sample_61,NC_002008.4,9896,0,0,C,,T,T
sample_61,NC_002008.4,11657,0,0,A,,C,C
sample_61,NC_002008.4,11813,0,0,G,,A,A
sample_61,NC_002008.4,14534,0,0,A,,G,G
sample_61,NC_002008.4,15475,0,1,C,T:1,T,T
sample_61,NC_002008.4,15750,0,3,T,C:3,C,C
sample_62,NC_002008.4,2833,0,0,T,,C,C
sample_62,NC_002008.4,6302,0,0,G,,A,A
sample_62,NC_002008.4,6683,0,0,C,,T,T
sample_62,NC_002008.4,7383,0,0,G,,A,A
sample_62,NC_002008.4,8242,0,0,A,,G,G
sample_62,NC_002008.4,9896,0,0,C,,T,T
sample_62,NC_002008.4,11657,0,0,A,,C,C
sample_62,NC_002008.4,11813,0,0,G,,A,A
sample_62,NC_002008.4,14534,0,1,A,G:1,G,G
sample_62,NC_002008.4,15475,0,0,C,,T,T
sample_62,NC_002008.4,15750,0,0,T,,C,C
sample_63,NC_002008.4,2833,0,1,T,C:1,C,C
sample_63,NC_002008.4,6302,0,0,G,,A,A
sample_63,NC_002008.4,6683,0,0,C,,T,T
sample_63,NC_002008.4,7383,0,0,G,,A,A
sample_63,NC_002008.4,8242,0,0,A,,G,G
sample_63,NC_002008.4,9896,0,0,C,,T,T
sample_63,NC_002008.4,11657,0,0,A,,C,C
sample_63,NC_002008.4,11813,0,0,G,,A,A
sample_63,NC_002008.4,14534,0,0,A,,G,G
sample_63,NC_002008.4,15475,0,0,C,,T,T
sample_63,NC_002008.4,15750,0,0,T,,C,C
sample_64,NC_002008.4,2833,0,0,T,,C,C
sample_64,NC_002008.4,6302,0,0,G,,A,A
sample_64,NC_002008.4,6683,0,0,C,,T,T
sample_64,NC_002008.4,7383,0,0,G,,A,A
sample_64,NC_002008.4,8242,0,1,A,G:1,G,G
sample_64,NC_002008.4,9896,0,0,C,,T,T
sample_64,NC_002008.4,11657,0,0,A,,C,C
sample_64,NC_002008.4,11813,0,0,G,,A,A
sample_64,NC_002008.4,14534,0,0,A,,G,G
sample_64,NC_002008.4,15475,0,1,C,T:1,T,T
sample_64,NC_002008.4,15750,0,0,T,,C,C
sample_65,NC_002008.4,2833,0,0,T,,C,C
sample_65,NC_002008.4,6302,0,0,G,,A,A
sample_65,NC_002008.4,6683,0,1,C,T:1,T,T
sample_65,NC_002008.4,7383,0,0,G,,A,A
sample_65,NC_002008.4,8242,0,0,A,,G,G
sample_65,NC_002008.4,9896,0,0,C,,T,T
sample_65,NC_002008.4,11657,0,0,A,,C,C
sample_65,NC_002008.4,11813,0,0,G,,A,A
sample_65,NC_002008.4,14534,0,0,A,,G,G
sample_65,NC_002008.4,15475,0,0,C,,T,T
sample_65,NC_002008.4,15750,0,1,T,C:1,C,C
sample_66,NC_002008.4,2833,0,0,T,,C,C
sample_66,NC_002008.4,6302,0,0,G,,A,A
sample_66,NC_002008.4,6683,0,0,C,,T,T
sample_66,NC_002008.4,7383,0,0,G,,A,A
sample_66,NC_002008.4,8242,0,0,A,,G,G
sample_66,NC_002008.4,9896,0,0,C,,T,T
sample_66,NC_002008.4,11657,0,0,A,,C,C
sample_66,NC_002008.4,11813,0,0,G,,A,A
sample_66,NC_002008.4,14534,0,0,A,,G,G
sample_66,NC_002008.4,15475,0,0,C,,T,T
sample_66,NC_002008.4,15750,0,0,T,,C,C
sample_67,NC_002008.4,2833,0,3,T,C:3,C,C
sample_67,NC_002008.4,6302,0,0,G,,A,A
sample_67,NC_002008.4,6683,0,0,C,,T,T
sample_67,NC_002008.4,7383,0,1,G,A:1,A,A
sample_67,NC_002008.4,8242,0,1,A,G:1,G,G
sample_67,NC_002008.4,9896,0,0,C,,T,T
sample_67,NC_002008.4,11657,0,0,A,,C,C
sample_67,NC_002008.4,11813,0,0,G,,A,A
sample_67,NC_002008.4,14534,0,2,A,G:2,G,G
sample_67,NC_002008.4,15475,0,0,C,,T,T
sample_67,NC_002008.4,15750,0,2,T,C:2,C,C
sample_68,NC_002008.4,2833,0,0,T,,C,C
sample_68,NC_002008.4,6302,0,0,G,,A,A
sample_68,NC_002008.4,6683,0,0,C,,T,T
sample_68,NC_002008.4,7383,0,0,G,,A,A
sample_68,NC_002008.4,8242,0,1,A,G:1,G,G
sample_68,NC_002008.4,9896,0,0,C,,T,T
sample_68,NC_002008.4,11657,0,0,A,,C,C
sample_68,NC_002008.4,11813,0,0,G,,A,A
sample_68,NC_002008.4,14534,0,1,A,G:1,G,G
sample_68,NC_002008.4,15475,0,0,C,,T,T
sample_68,NC_002008.4,15750,0,0,T,,C,C
sample_69,NC_002008.4,2833,1,10,T,C:9 T:1,C,C
sample_69,NC_002008.4,6302,0,2,G,A:2,A,A
sample_69,NC_002008.4,6683,0,2,C,T:2,T,T
sample_69,NC_002008.4,7383,0,0,G,,A,A
sample_69,NC_002008.4,8242,0,3,A,G:3,G,G
sample_69,NC_002008.4,9896,0,3,C,T:3,T,T
sample_69,NC_002008.4,11657,0,0,A,,C,C
sample_69,NC_002008.4,11813,0,0,G,,A,A
sample_69,NC_002008.4,14534,0,2,A,G:2,G,G
sample_69,NC_002008.4,15475,0,7,C,T:7,T,T
sample_69,NC_002008.4,15750,0,11,T,C:11,C,C
sample_70,NC_002008.4,2833,0,1,T,C:1,C,C
sample_70,NC_002008.4,6302,0,0,G,,A,A
sample_70,NC_002008.4,6683,0,0,C,,T,T
sample_70,NC_002008.4,7383,0,0,G,,A,A
sample_70,NC_002008.4,8242,0,2,A,G:2,G,G
sample_70,NC_002008.4,9896,0,0,C,,T,T
sample_70,NC_002008.4,11657,0,1,A,C:1,C,C
sample_70,NC_002008.4,11813,0,0,G,,A,A
sample_70,NC_002008.4,14534,0,0,A,,G,G
sample_70,NC_002008.4,15475,0,1,C,T:1,T,T
sample_70,NC_002008.4,15750,0,1,T,C:1,C,C
sample_71,NC_002008.4,2833,0,0,T,,C,C
sample_71,NC_002008.4,6302,0,0,G,,A,A
sample_71,NC_002008.4,6683,0,0,C,,T,T
sample_71,NC_002008.4,7383,0,0,G,,A,A
sample_71,NC_002008.4,8242,0,0,A,,G,G
sample_71,NC_002008.4,9896,0,0,C,,T,T
sample_71,NC_002008.4,11657,0,0,A,,C,C
sample_71,NC_002008.4,11813,0,0,G,,A,A
sample_71,NC_002008.4,14534,0,2,A,G:2,G,G
sample_71,NC_002008.4,15475,0,0,C,,T,T
sample_71,NC_002008.4,15750,0,1,T,C:1,C,C
sample_72,NC_002008.4,2833,0,2,T,C:2,C,C
sample_72,NC_002008.4,6302,0,0,G,,A,A
sample_72,NC_002008.4,6683,0,2,C,T:2,T,T
sample_72,NC_002008.4,7383,0,1,G,A:1,A,A
sample_72,NC_002008.4,8242,0,2,A,G:2,G,G
sample_72,NC_002008.4,9896,0,1,C,T:1,T,T
sample_72,NC_002008.4,11657,0,0,A,,C,C
sample_72,NC_002008.4,11813,0,0,G,,A,A
sample_72,NC_002008.4,14534,0,3,A,G:3,G,G
sample_72,NC_002008.4,15475,0,3,C,T:3,T,T
sample_72,NC_002008.4,15750,0,5,T,C:5,C,C
sample_73,NC_002008.4,2833,0,5,T,C:5,C,C
sample_73,NC_002008.4,6302,0,1,G,A:1,A,A
sample_73,NC_002008.4,6683,0,0,C,,T,T
sample_73,NC_002008.4,7383,0,1,G,A:1,A,A
sample_73,NC_002008.4,8242,0,1,A,G:1,G,G
sample_73,NC_002008.4,9896,0,1,C,T:1,T,T
sample_73,NC_002008.4,11657,0,3,A,C:3,C,C
sample_73,NC_002008.4,11813,0,2,G,A:2,A,A
sample_73,NC_002008.4,14534,0,3,A,G:3,G,G
sample_73,NC_002008.4,15475,0,3,C,T:3,T,T
sample_73,NC_002008.4,15750,0,7,T,C:7,C,C
sample_74,NC_002008.4,2833,0,1,T,C:1,C,C
sample_74,NC_002008.4,6302,0,0,G,,A,A
sample_74,NC_002008.4,6683,0,0,C,,T,T
sample_74,NC_002008.4,7383,0,0,G,,A,A
sample_74,NC_002008.4,8242,0,0,A,,G,G
sample_74,NC_002008.4,9896,0,0,C,,T,T
sample_74,NC_002008.4,11657,0,0,A,,C,C
sample_74,NC_002008.4,11813,0,0,G,,A,A
sample_74,NC_002008.4,14534,0,0,A,,G,G
sample_74,NC_002008.4,15475,0,0,C,,T,T
sample_74,NC_002008.4,15750,0,2,T,C:2,C,C
sample_75,NC_002008.4,2833,0,13,T,C:13,C,C
sample_75,NC_002008.4,6302,0,1,G,A:1,A,A
sample_75,NC_002008.4,6683,0,2,C,T:2,T,T
sample_75,NC_002008.4,7383,0,3,G,A:3,A,A
sample_75,NC_002008.4,8242,0,14,A,G:14,G,G
sample_75,NC_002008.4,9896,0,2,C,T:2,T,T
sample_75,NC_002008.4,11657,0,2,A,C:2,C,C
sample_75,NC_002008.4,11813,0,1,G,A:1,A,A
sample_75,NC_002008.4,14534,0,7,A,G:7,G,G
sample_75,NC_002008.4,15475,0,10,C,T:10,T,T
sample_75,NC_002008.4,15750,0,24,T,C:24,C,C
sample_76,NC_002008.4,2833,0,1,T,C:1,C,C
sample_76,NC_002008.4,6302,0,0,G,,A,A
sample_76,NC_002008.4,6683,0,0,C,,T,T
sample_76,NC_002008.4,7383,0,0,G,,A,A
sample_76,NC_002008.4,8242,0,0,A,,G,G
sample_76,NC_002008.4,9896,0,0,C,,T,T
sample_76,NC_002008.4,11657,0,0,A,,C,C
sample_76,NC_002008.4,11813,0,0,G,,A,A
sample_76,NC_002008.4,14534,0,0,A,,G,G
sample_76,NC_002008.4,15475,0,1,C,T:1,T,T
sample_76,NC_002008.4,15750,0,0,T,,C,C
sample_77,NC_002008.4,2833,0,18,T,C:18,C,C
sample_77,NC_002008.4,6302,0,1,G,A:1,A,A
sample_77,NC_002008.4,6683,0,9,C,T:9,T,T
sample_77,NC_002008.4,7383,0,4,G,A:4,A,A
sample_77,NC_002008.4,8242,0,7,A,G:7,G,G
sample_77,NC_002008.4,9896,0,1,C,T:1,T,T
sample_77,NC_002008.4,11657,0,2,A,C:2,C,C
sample_77,NC_002008.4,11813,0,4,G,A:4,A,A
sample_77,NC_002008.4,14534,0,7,A,G:7,G,G
sample_77,NC_002008.4,15475,0,10,C,T:10,T,T
sample_77,NC_002008.4,15750,0,18,T,C:18,C,C
sample_78,NC_002008.4,2833,0,0,T,,C,C
sample_78,NC_002008.4,6302,0,0,G,,A,A
sample_78,NC_002008.4,6683,0,0,C,,T,T
sample_78,NC_002008.4,7383,0,0,G,,A,A
sample_78,NC_002008.4,8242,0,0,A,,G,G
sample_78,NC_002008.4,9896,0,0,C,,T,T
sample_78,NC_002008.4,11657,0,0,A,,C,C
sample_78,NC_002008.4,11813,0,0,G,,A,A
sample_78,NC_002008.4,14534,0,0,A,,G,G
sample_78,NC_002008.4,15475,0,0,C,,T,T
sample_78,NC_002008.4,15750,0,2,T,C:2,C,C
sample_79,NC_002008.4,2833,0,2,T,C:2,C,C
sample_79,NC_002008.4,6302,0,0,G,,A,A
sample_79,NC_002008.4,6683,0,2,C,T:2,T,T
sample_79,NC_002008.4,7383,0,2,G,A:2,A,A
sample_79,NC_002008.4,8242,1,2,A,G:1 A:1,G,G
sample_79,NC_002008.4,9896,0,1,C,T:1,T,T
sample_79,NC_002008.4,11657,0,0,A,,C,C
sample_79,NC_002008.4,11813,0,0,G,,A,A
sample_79,NC_002008.4,14534,0,1,A,G:1,G,G
sample_79,NC_002008.4,15475,0,0,C,,T,T
sample_79,NC_002008.4,15750,0,4,T,C:4,C,C
sample_80,NC_002008.4,2833,0,0,T,,C,C
sample_80,NC_002008.4,6302,0,0,G,,A,A
sample_80,NC_002008.4,6683,0,0,C,,T,T
sample_80,NC_002008.4,7383,0,0,G,,A,A
sample_80,NC_002008.4,8242,0,0,A,,G,G
sample_80,NC_002008.4,9896,0,0,C,,T,T
sample_80,NC_002008.4,11657,0,0,A,,C,C
sample_80,NC_002008.4,11813,0,0,G,,A,A
sample_80,NC_002008.4,14534,0,0,A,,G,G
sample_80,NC_002008.4,15475,0,0,C,,T,T
sample_80,NC_002008.4,15750,0,0,T,,C,C
sample_81,NC_002008.4,2833,0,1,T,C:1,C,C
sample_81,NC_002008.4,6302,0,0,G,,A,A
sample_81,NC_002008.4,6683,0,0,C,,T,T
sample_81,NC_002008.4,7383,0,0,G,,A,A
sample_81,NC_002008.4,8242,0,3,A,G:3,G,G
sample_81,NC_002008.4,9896,0,1,C,T:1,T,T
sample_81,NC_002008.4,11657,0,1,A,C:1,C,C
sample_81,NC_002008.4,11813,0,1,G,A:1,A,A
sample_81,NC_002008.4,14534,0,0,A,,G,G
sample_81,NC_002008.4,15475,0,1,C,T:1,T,T
sample_81,NC_002008.4,15750,0,2,T,C:2,C,C
sample_82,NC_002008.4,2833,0,2,T,C:2,C,C
sample_82,NC_002008.4,6302,0,0,G,,A,A
sample_82,NC_002008.4,6683,0,0,C,,T,T
sample_82,NC_002008.4,7383,0,0,G,,A,A
sample_82,NC_002008.4,8242,0,0,A,,G,G
sample_82,NC_002008.4,9896,0,0,C,,T,T
sample_82,NC_002008.4,11657,0,0,A,,C,C
sample_82,NC_002008.4,11813,0,0,G,,A,A
sample_82,NC_002008.4,14534,0,0,A,,G,G
sample_82,NC_002008.4,15475,0,0,C,,T,T
sample_82,NC_002008.4,15750,0,0,T,,C,C
sample_83,NC_002008.4,2833,0,0,T,,C,C
sample_83,NC_002008.4,6302,0,0,G,,A,A
sample_83,NC_002008.4,6683,0,0,C,,T,T
sample_83,NC_002008.4,7383,0,0,G,,A,A
sample_83,NC_002008.4,8242,0,0,A,,G,G
sample_83,NC_002008.4,9896,0,0,C,,T,T
sample_83,NC_002008.4,11657,0,0,A,,C,C
sample_83,NC_002008.4,11813,0,0,G,,A,A
sample_83,NC_002008.4,14534,0,0,A,,G,G
sample_83,NC_002008.4,15475,0,0,C,,T,T
sample_83,NC_002008.4,15750,0,0,T,,C,C
