Position,Heidi,Vito,Urza,Fritzy,Cami
16,t,t,t,t,c
381,t,t,t,t,a
445,a,a,a,a,g
1454,g,g,g,g,a
1756,c,c,c,c,t
2185,t,t,t,t,c
2232,a,a,a,a,g
2812,c,c,c,c,t
3028,a,a,a,a,c
3406,c,c,c,c,t
3469,g,g,g,g,a
3598,g,g,g,g,a
4204,g,g,g,g,a
4277,a,a,a,a,g
4390,t,t,t,t,c
4517,g,g,g,g,a
4646,t,t,t,t,c
5009,c,c,c,c,t
5906,a,a,a,a,g
6257,g,g,g,g,a
6470,g,g,g,g,a
6764,c,c,c,c,t
7014,t,t,t,t,c
8101,g,g,g,g,a
8221,a,a,a,a,c
8225,t,t,t,t,c
8323,a,a,a,a,g
8425,g,g,g,g,a
8569,a,a,a,a,g
8703,g,g,g,g,a
8736,t,t,t,t,c
8760,a,a,a,a,g
8764,g,g,g,g,t
8817,a,a,a,a,g
8877,a,a,a,a,g
8991,a,a,a,a,g
9219,a,a,a,a,g
9825,g,g,g,g,a
10257,g,g,g,g,a
10404,c,c,c,c,t
10440,t,t,t,t,c
10533,a,a,a,a,t
10542,a,a,a,a,g
10917,g,g,g,g,a
11176,c,c,c,c,t
11250,t,t,t,t,c
11402,t,t,t,t,c
11948,a,a,a,a,g
11963,c,c,c,c,t
12665,t,t,t,t,c
12788,t,t,t,t,c
12813,g,g,g,g,a
13261,c,c,c,c,t
13594,g,g,g,g,a
13618,a,a,a,a,g
13660,c,c,c,c,t
13708,c,c,c,c,t
13777,g,g,g,g,a
14671,g,g,g,g,a
14930,t,t,t,t,c
15435,g,g,g,g,a
15526,c,c,c,c,t
15595,c,c,c,c,t
15612,t,t,t,t,c
15627,g,g,g,g,a
15643,a,a,a,a,g
15652,g,g,g,g,a
15800,t,t,t,t,c
15815,t,t,t,t,c
15912,c,c,c,c,t
16003,a,a,a,a,g
16083,a,a,a,a,g
16128,g,g,g,g,a
